artist,title,id,danceability,energy,key,loudness,mode,speechiness,acousticness,instrumentalness,liveness,valence,tempo,type,uri,track_href,analysis_url,duration_ms,time_signature
jack harlow,lovin on me,4xhsWYTOGcal8zt0J161CU,0.943,0.558,2,-4.911,1,0.0568,0.0026,2.19e-06,0.0937,0.606,104.983,audio_features,spotify:track:4xhsWYTOGcal8zt0J161CU,https://api.spotify.com/v1/tracks/4xhsWYTOGcal8zt0J161CU,https://api.spotify.com/v1/audio-analysis/4xhsWYTOGcal8zt0J161CU,138411,4
taylor swift,cruel summer,6ClYMObS7f3Nn4AiZHYQt3,0.278,0.907,9,-4.606,1,0.0827,0.126,0.0,0.89,0.33,83.178,audio_features,spotify:track:6ClYMObS7f3Nn4AiZHYQt3,https://api.spotify.com/v1/tracks/6ClYMObS7f3Nn4AiZHYQt3,https://api.spotify.com/v1/audio-analysis/6ClYMObS7f3Nn4AiZHYQt3,229567,4
tate mcrae,greedy,3rUGC1vUpkDG9CZFHMur1t,0.75,0.733,6,-3.18,0,0.0319,0.256,0.0,0.114,0.844,111.018,audio_features,spotify:track:3rUGC1vUpkDG9CZFHMur1t,https://api.spotify.com/v1/tracks/3rUGC1vUpkDG9CZFHMur1t,https://api.spotify.com/v1/audio-analysis/3rUGC1vUpkDG9CZFHMur1t,131872,1
doja cat,paint the town red,2IGMVunIBsBLtEQyoI1Mu7,0.868,0.538,5,-8.603,1,0.174,0.269,3.34e-06,0.0901,0.732,99.968,audio_features,spotify:track:2IGMVunIBsBLtEQyoI1Mu7,https://api.spotify.com/v1/tracks/2IGMVunIBsBLtEQyoI1Mu7,https://api.spotify.com/v1/audio-analysis/2IGMVunIBsBLtEQyoI1Mu7,231750,4
zach bryan featuring kacey musgraves,i remember everything,4KULAymBBJcPRpk1yO4dOG,0.429,0.453,0,-7.746,1,0.0459,0.554,2e-06,0.102,0.155,77.639,audio_features,spotify:track:4KULAymBBJcPRpk1yO4dOG,https://api.spotify.com/v1/tracks/4KULAymBBJcPRpk1yO4dOG,https://api.spotify.com/v1/audio-analysis/4KULAymBBJcPRpk1yO4dOG,227196,4
sza,snooze,4iZ4pt7kvcaH6Yo8UoZ4s2,0.559,0.551,5,-7.231,1,0.132,0.141,0.0,0.11,0.392,143.008,audio_features,spotify:track:4iZ4pt7kvcaH6Yo8UoZ4s2,https://api.spotify.com/v1/tracks/4iZ4pt7kvcaH6Yo8UoZ4s2,https://api.spotify.com/v1/audio-analysis/4iZ4pt7kvcaH6Yo8UoZ4s2,201800,4
tyla,water,5aIVCx5tnk0ntmdiinnYvw,0.673,0.722,3,-3.495,0,0.0755,0.0856,0.0,0.137,0.519,117.187,audio_features,spotify:track:5aIVCx5tnk0ntmdiinnYvw,https://api.spotify.com/v1/tracks/5aIVCx5tnk0ntmdiinnYvw,https://api.spotify.com/v1/audio-analysis/5aIVCx5tnk0ntmdiinnYvw,200256,4
morgan wallen,last night,59uQI0PADDKeE6UZDTJEe8,0.517,0.675,6,-5.382,1,0.0357,0.459,0.0,0.151,0.518,203.853,audio_features,spotify:track:59uQI0PADDKeE6UZDTJEe8,https://api.spotify.com/v1/tracks/59uQI0PADDKeE6UZDTJEe8,https://api.spotify.com/v1/audio-analysis/59uQI0PADDKeE6UZDTJEe8,163855,4
luke combs,fast car,1Lo0QY9cvc8sUB2vnIOxDT,0.712,0.603,8,-5.52,1,0.0262,0.186,0.0,0.115,0.67,97.994,audio_features,spotify:track:1Lo0QY9cvc8sUB2vnIOxDT,https://api.spotify.com/v1/tracks/1Lo0QY9cvc8sUB2vnIOxDT,https://api.spotify.com/v1/audio-analysis/1Lo0QY9cvc8sUB2vnIOxDT,265493,4
doja cat,agora hills,4kmcuI4l0YSNCh8GD6PunK,0.801,0.588,7,-10.301,0,0.144,0.187,1.03e-06,0.092,0.232,115.62,audio_features,spotify:track:4kmcuI4l0YSNCh8GD6PunK,https://api.spotify.com/v1/tracks/4kmcuI4l0YSNCh8GD6PunK,https://api.spotify.com/v1/audio-analysis/4kmcuI4l0YSNCh8GD6PunK,279784,4
morgan wallen,thinkin' bout me,0PAcdVzhPO4gq1Iym9ESnK,0.656,0.757,3,-5.775,0,0.0308,0.492,0.0,0.117,0.429,139.971,audio_features,spotify:track:0PAcdVzhPO4gq1Iym9ESnK,https://api.spotify.com/v1/tracks/0PAcdVzhPO4gq1Iym9ESnK,https://api.spotify.com/v1/audio-analysis/0PAcdVzhPO4gq1Iym9ESnK,177388,4
teddy swims,lose control,17phhZDn6oGtzMe56NuWvj,0.561,0.604,9,-4.409,1,0.0337,0.199,1.9e-05,0.104,0.242,159.92,audio_features,spotify:track:17phhZDn6oGtzMe56NuWvj,https://api.spotify.com/v1/tracks/17phhZDn6oGtzMe56NuWvj,https://api.spotify.com/v1/audio-analysis/17phhZDn6oGtzMe56NuWvj,210689,3
taylor swift,is it over now? (taylor's version) [from the vault],2eqzI3kGqPk93vz8RkASfA,0.643,0.199,0,-12.19,1,0.0581,0.869,0.0,0.106,0.386,46.572,audio_features,spotify:track:2eqzI3kGqPk93vz8RkASfA,https://api.spotify.com/v1/tracks/2eqzI3kGqPk93vz8RkASfA,https://api.spotify.com/v1/audio-analysis/2eqzI3kGqPk93vz8RkASfA,138006,4
paul russell,lil boo thang,0cVyQfDyRnMJ0V3rjjdlU3,0.85,0.699,0,-3.292,1,0.0776,0.152,0.0,0.32,0.915,114.481,audio_features,spotify:track:0cVyQfDyRnMJ0V3rjjdlU3,https://api.spotify.com/v1/tracks/0cVyQfDyRnMJ0V3rjjdlU3,https://api.spotify.com/v1/audio-analysis/0cVyQfDyRnMJ0V3rjjdlU3,114234,4
miley cyrus,flowers,0zaBiii4mWPGHEyuOhPN3H,0.526,0.231,2,-11.651,0,0.0496,0.846,0.0,0.114,0.54,120.682,audio_features,spotify:track:0zaBiii4mWPGHEyuOhPN3H,https://api.spotify.com/v1/tracks/0zaBiii4mWPGHEyuOhPN3H,https://api.spotify.com/v1/audio-analysis/0zaBiii4mWPGHEyuOhPN3H,192743,3
drake featuring sexyy red & sza,rich baby daddy,1yeB8MUNeLo9Ek1UEpsyz6,0.645,0.729,2,-4.56,1,0.0528,0.0377,0.0,0.384,0.142,146.01,audio_features,spotify:track:1yeB8MUNeLo9Ek1UEpsyz6,https://api.spotify.com/v1/tracks/1yeB8MUNeLo9Ek1UEpsyz6,https://api.spotify.com/v1/audio-analysis/1yeB8MUNeLo9Ek1UEpsyz6,319192,4
nicki minaj,ftcu,24Pw64UorwvD1naI3Mw6HV,0.93,0.447,11,-6.778,1,0.224,0.0159,0.000415,0.118,0.249,144.978,audio_features,spotify:track:24Pw64UorwvD1naI3Mw6HV,https://api.spotify.com/v1/tracks/24Pw64UorwvD1naI3Mw6HV,https://api.spotify.com/v1/audio-analysis/24Pw64UorwvD1naI3Mw6HV,172138,4
chris stapleton,white horse,7MSWxMumjz6lHj7oRApNbg,0.353,0.77,1,-11.066,0,0.0493,0.0016,0.598,0.109,0.224,145.225,audio_features,spotify:track:7MSWxMumjz6lHj7oRApNbg,https://api.spotify.com/v1/tracks/7MSWxMumjz6lHj7oRApNbg,https://api.spotify.com/v1/audio-analysis/7MSWxMumjz6lHj7oRApNbg,267893,4
noah kahan,stick season,0mflMxspEfB0VbI1kyLiAv,0.662,0.488,9,-6.894,1,0.0682,0.782,0.0,0.102,0.817,117.913,audio_features,spotify:track:0mflMxspEfB0VbI1kyLiAv,https://api.spotify.com/v1/tracks/0mflMxspEfB0VbI1kyLiAv,https://api.spotify.com/v1/audio-analysis/0mflMxspEfB0VbI1kyLiAv,182347,4
billie eilish,what was i made for?,0ELGKtNSHKPlrrITjXCQQ0,0.459,0.022,0,-25.056,1,0.0346,0.991,0.91,0.0789,0.166,78.612,audio_features,spotify:track:0ELGKtNSHKPlrrITjXCQQ0,https://api.spotify.com/v1/tracks/0ELGKtNSHKPlrrITjXCQQ0,https://api.spotify.com/v1/audio-analysis/0ELGKtNSHKPlrrITjXCQQ0,223024,4
olivia rodrigo,vampire,1kuGVB7EU95pJObxwvfwKS,0.511,0.532,5,-5.745,1,0.0578,0.177,0.0,0.291,0.35,138.005,audio_features,spotify:track:1kuGVB7EU95pJObxwvfwKS,https://api.spotify.com/v1/tracks/1kuGVB7EU95pJObxwvfwKS,https://api.spotify.com/v1/audio-analysis/1kuGVB7EU95pJObxwvfwKS,219724,4
jelly roll,need a favor,6ngGiVX91DRmGDH4G5EgeO,0.365,0.541,7,-7.489,1,0.0304,0.0419,2.25e-06,0.281,0.329,86.041,audio_features,spotify:track:6ngGiVX91DRmGDH4G5EgeO,https://api.spotify.com/v1/tracks/6ngGiVX91DRmGDH4G5EgeO,https://api.spotify.com/v1/audio-analysis/6ngGiVX91DRmGDH4G5EgeO,232093,4
dua lipa,dance the night,1vYXt7VSjH9JIM5oRRo7vA,0.671,0.845,11,-4.93,0,0.048,0.0207,0.0,0.329,0.775,110.056,audio_features,spotify:track:1vYXt7VSjH9JIM5oRRo7vA,https://api.spotify.com/v1/tracks/1vYXt7VSjH9JIM5oRRo7vA,https://api.spotify.com/v1/audio-analysis/1vYXt7VSjH9JIM5oRRo7vA,176579,4
gunna,fukumean,4rXLjWdF2ZZpXCVTfWcshS,0.847,0.622,1,-6.747,0,0.0903,0.119,0.0,0.285,0.22,130.001,audio_features,spotify:track:4rXLjWdF2ZZpXCVTfWcshS,https://api.spotify.com/v1/tracks/4rXLjWdF2ZZpXCVTfWcshS,https://api.spotify.com/v1/audio-analysis/4rXLjWdF2ZZpXCVTfWcshS,125040,4
nate smith,world on fire,5ya0TmUQw2wHMkq36rPsnd,0.461,0.887,11,-4.871,0,0.0429,0.000219,0.0,0.104,0.411,95.964,audio_features,spotify:track:5ya0TmUQw2wHMkq36rPsnd,https://api.spotify.com/v1/tracks/5ya0TmUQw2wHMkq36rPsnd,https://api.spotify.com/v1/audio-analysis/5ya0TmUQw2wHMkq36rPsnd,189987,4
dua lipa,houdini,2KJLg2jsTRiY16o94bjOfl,0.709,0.802,2,-3.263,0,0.0963,0.0507,0.00579,0.056,0.753,116.96,audio_features,spotify:track:2KJLg2jsTRiY16o94bjOfl,https://api.spotify.com/v1/tracks/2KJLg2jsTRiY16o94bjOfl,https://api.spotify.com/v1/audio-analysis/2KJLg2jsTRiY16o94bjOfl,353808,4
nicki minaj featuring lil uzi vert,everybody,0mAf9TNr3a2jIHsq2PIagH,0.722,0.774,11,-5.735,0,0.249,0.0165,0.0,0.191,0.35,137.949,audio_features,spotify:track:0mAf9TNr3a2jIHsq2PIagH,https://api.spotify.com/v1/tracks/0mAf9TNr3a2jIHsq2PIagH,https://api.spotify.com/v1/audio-analysis/0mAf9TNr3a2jIHsq2PIagH,180870,4
jelly roll with lainey wilson,save me,30LZU3ReFIndjHLfaahreM,0.564,0.612,0,-5.018,1,0.0248,0.382,0.0,0.11,0.146,83.03,audio_features,spotify:track:30LZU3ReFIndjHLfaahreM,https://api.spotify.com/v1/tracks/30LZU3ReFIndjHLfaahreM,https://api.spotify.com/v1/audio-analysis/30LZU3ReFIndjHLfaahreM,237493,3
drake featuring j. cole,first person shooter,7aqfrAY2p9BUSiupwk3svU,0.47,0.64,2,-7.779,1,0.32,0.0277,0.0,0.382,0.248,163.92,audio_features,spotify:track:7aqfrAY2p9BUSiupwk3svU,https://api.spotify.com/v1/tracks/7aqfrAY2p9BUSiupwk3svU,https://api.spotify.com/v1/audio-analysis/7aqfrAY2p9BUSiupwk3svU,247444,4
miley cyrus,used to be young,0Nfh4u0J4bajcyp5pzaWCx,0.451,0.632,4,-3.843,1,0.0475,0.6,0.0,0.139,0.455,147.06,audio_features,spotify:track:0Nfh4u0J4bajcyp5pzaWCx,https://api.spotify.com/v1/tracks/0Nfh4u0J4bajcyp5pzaWCx,https://api.spotify.com/v1/audio-analysis/0Nfh4u0J4bajcyp5pzaWCx,190461,4
sza,kill bill,1Qrg8KqiBpW07V7PNxwwwL,0.644,0.735,8,-5.747,1,0.0391,0.0521,0.144,0.161,0.418,88.98,audio_features,spotify:track:1Qrg8KqiBpW07V7PNxwwwL,https://api.spotify.com/v1/tracks/1Qrg8KqiBpW07V7PNxwwwL,https://api.spotify.com/v1/audio-analysis/1Qrg8KqiBpW07V7PNxwwwL,153947,4
"usher, summer walker & 21 savage",good good,0J1YRLYhTG1MBosjidD7OI,0.753,0.669,7,-4.914,0,0.104,0.0378,0.0,0.122,0.584,140.948,audio_features,spotify:track:0J1YRLYhTG1MBosjidD7OI,https://api.spotify.com/v1/tracks/0J1YRLYhTG1MBosjidD7OI,https://api.spotify.com/v1/audio-analysis/0J1YRLYhTG1MBosjidD7OI,247469,4
warren zeiders,pretty little poison,2gT2iF1YK5r54A2PDEXVv8,0.518,0.557,1,-4.839,1,0.0332,0.0258,2.46e-06,0.156,0.216,111.865,audio_features,spotify:track:2gT2iF1YK5r54A2PDEXVv8,https://api.spotify.com/v1/tracks/2gT2iF1YK5r54A2PDEXVv8,https://api.spotify.com/v1/audio-analysis/2gT2iF1YK5r54A2PDEXVv8,218160,3
xavi,la diabla,0R6NfOiLzLj4O5VbYSJAjf,0.751,0.819,11,-4.372,0,0.0409,0.255,0.0,0.236,0.697,131.842,audio_features,spotify:track:0R6NfOiLzLj4O5VbYSJAjf,https://api.spotify.com/v1/tracks/0R6NfOiLzLj4O5VbYSJAjf,https://api.spotify.com/v1/audio-analysis/0R6NfOiLzLj4O5VbYSJAjf,172264,3
victoria monet,on my mama,1o8Z7GD1CeOaVBEyuzu4HO,0.481,0.539,4,-7.865,0,0.108,0.551,0.00539,0.12,0.621,153.277,audio_features,spotify:track:1o8Z7GD1CeOaVBEyuzu4HO,https://api.spotify.com/v1/tracks/1o8Z7GD1CeOaVBEyuzu4HO,https://api.spotify.com/v1/audio-analysis/1o8Z7GD1CeOaVBEyuzu4HO,186678,4
hardy,truck bed,103u49mLoJUge83B1CnLxI,0.662,0.77,0,-4.887,1,0.0367,0.0875,0.0,0.35,0.769,132.057,audio_features,spotify:track:103u49mLoJUge83B1CnLxI,https://api.spotify.com/v1/tracks/103u49mLoJUge83B1CnLxI,https://api.spotify.com/v1/audio-analysis/103u49mLoJUge83B1CnLxI,167535,4
mitski,my love mine all mine,0I0MPzbmzsjpttpkqWgNyx,0.181,0.553,6,-11.913,1,0.0459,0.000807,0.249,0.0759,0.057,63.608,audio_features,spotify:track:0I0MPzbmzsjpttpkqWgNyx,https://api.spotify.com/v1/tracks/0I0MPzbmzsjpttpkqWgNyx,https://api.spotify.com/v1/audio-analysis/0I0MPzbmzsjpttpkqWgNyx,292032,4
dan + shay,save me the trouble,7hZTywPKMdVjJzwdWu11BK,0.444,0.629,9,-4.435,1,0.0318,0.00544,0.0,0.271,0.376,134.931,audio_features,spotify:track:7hZTywPKMdVjJzwdWu11BK,https://api.spotify.com/v1/tracks/7hZTywPKMdVjJzwdWu11BK,https://api.spotify.com/v1/audio-analysis/7hZTywPKMdVjJzwdWu11BK,200347,3
tate mcrae,exes,51hyZpbJlIgZIaX3TtMxmu,0.544,0.831,8,-3.578,1,0.0941,0.543,0.0,0.118,0.233,130.005,audio_features,spotify:track:51hyZpbJlIgZIaX3TtMxmu,https://api.spotify.com/v1/tracks/51hyZpbJlIgZIaX3TtMxmu,https://api.spotify.com/v1/audio-analysis/51hyZpbJlIgZIaX3TtMxmu,143940,4
tate mcrae,run for the hills,51hyZpbJlIgZIaX3TtMxmu,0.544,0.831,8,-3.578,1,0.0941,0.543,0.0,0.118,0.233,130.005,audio_features,spotify:track:51hyZpbJlIgZIaX3TtMxmu,https://api.spotify.com/v1/tracks/51hyZpbJlIgZIaX3TtMxmu,https://api.spotify.com/v1/audio-analysis/51hyZpbJlIgZIaX3TtMxmu,143940,4
travis scott,i know ?,6onexRSYQS8dndRqhW5elP,0.704,0.676,7,-6.322,1,0.0323,0.902,0.153,0.0974,0.346,119.924,audio_features,spotify:track:6onexRSYQS8dndRqhW5elP,https://api.spotify.com/v1/tracks/6onexRSYQS8dndRqhW5elP,https://api.spotify.com/v1/audio-analysis/6onexRSYQS8dndRqhW5elP,160000,4
jessie murph & jelly roll,wild ones,3aKGpk1aXEqZyl62XQuxby,0.659,0.568,0,-5.741,1,0.0329,0.0022,7.38e-05,0.35,0.31,136.026,audio_features,spotify:track:3aKGpk1aXEqZyl62XQuxby,https://api.spotify.com/v1/tracks/3aKGpk1aXEqZyl62XQuxby,https://api.spotify.com/v1/audio-analysis/3aKGpk1aXEqZyl62XQuxby,197838,4
kenya grace,strangers,5mjYQaktjmjcMKcUIcqz4s,0.628,0.523,11,-8.307,0,0.0946,0.701,0.00274,0.219,0.416,169.982,audio_features,spotify:track:5mjYQaktjmjcMKcUIcqz4s,https://api.spotify.com/v1/tracks/5mjYQaktjmjcMKcUIcqz4s,https://api.spotify.com/v1/audio-analysis/5mjYQaktjmjcMKcUIcqz4s,172965,4
bad bunny,monaco,4MjDJD8cW7iVeWInc2Bdyj,0.787,0.621,4,-5.009,0,0.068,0.15,0.000402,0.58,0.13,139.056,audio_features,spotify:track:4MjDJD8cW7iVeWInc2Bdyj,https://api.spotify.com/v1/tracks/4MjDJD8cW7iVeWInc2Bdyj,https://api.spotify.com/v1/audio-analysis/4MjDJD8cW7iVeWInc2Bdyj,267194,4
jid featuring 21 savage & baby tate,surround sound,6pcywuOeGGWeOQzdUyti6k,0.847,0.733,10,-6.439,0,0.16,0.00574,1.04e-05,0.151,0.202,130.029,audio_features,spotify:track:6pcywuOeGGWeOQzdUyti6k,https://api.spotify.com/v1/tracks/6pcywuOeGGWeOQzdUyti6k,https://api.spotify.com/v1/audio-analysis/6pcywuOeGGWeOQzdUyti6k,193591,4
cody johnson,the painter,6UoKX6uLJwhsnyTp5k5StP,0.512,0.709,2,-5.766,1,0.0329,0.0415,4.25e-06,0.107,0.261,97.981,audio_features,spotify:track:6UoKX6uLJwhsnyTp5k5StP,https://api.spotify.com/v1/tracks/6UoKX6uLJwhsnyTp5k5StP,https://api.spotify.com/v1/audio-analysis/6UoKX6uLJwhsnyTp5k5StP,211413,4
olivia rodrigo,get him back!,2gyxAWHebV7xPYVxqoi86f,0.546,0.846,5,-5.719,1,0.181,0.0135,0.0,0.607,0.74,162.043,audio_features,spotify:track:2gyxAWHebV7xPYVxqoi86f,https://api.spotify.com/v1/tracks/2gyxAWHebV7xPYVxqoi86f,https://api.spotify.com/v1/audio-analysis/2gyxAWHebV7xPYVxqoi86f,211141,4
flo milli,never lose me,6uTPdRrEDeH8Fyg5L5qmeU,0.781,0.567,1,-7.857,1,0.0969,0.0504,0.0,0.0981,0.0743,121.964,audio_features,spotify:track:6uTPdRrEDeH8Fyg5L5qmeU,https://api.spotify.com/v1/tracks/6uTPdRrEDeH8Fyg5L5qmeU,https://api.spotify.com/v1/audio-analysis/6uTPdRrEDeH8Fyg5L5qmeU,125902,4
noah kahan with post malone,dial drunk,22VHOlVYBqytsrAqV8yXBK,0.667,0.613,8,-7.147,1,0.0313,0.121,0.0,0.113,0.681,112.046,audio_features,spotify:track:22VHOlVYBqytsrAqV8yXBK,https://api.spotify.com/v1/tracks/22VHOlVYBqytsrAqV8yXBK,https://api.spotify.com/v1/audio-analysis/22VHOlVYBqytsrAqV8yXBK,213817,4
luke combs,where the wild things are,0eBFgRxyVSeuT4iyrbukdn,0.708,0.731,3,-4.872,1,0.0345,0.0189,4.47e-06,0.129,0.379,116.975,audio_features,spotify:track:0eBFgRxyVSeuT4iyrbukdn,https://api.spotify.com/v1/tracks/0eBFgRxyVSeuT4iyrbukdn,https://api.spotify.com/v1/audio-analysis/0eBFgRxyVSeuT4iyrbukdn,239533,4
drake,you broke my heart,5Se32hEA9raeboZerywxka,0.465,0.7,10,-5.163,0,0.0893,0.203,0.0,0.299,0.276,120.854,audio_features,spotify:track:5Se32hEA9raeboZerywxka,https://api.spotify.com/v1/tracks/5Se32hEA9raeboZerywxka,https://api.spotify.com/v1/audio-analysis/5Se32hEA9raeboZerywxka,230709,4
drake featuring yeat,idgaf,2uvBprdlMpzeN5Bq0PzMBI,0.673,0.672,8,-8.577,1,0.224,0.0466,0.000284,0.193,0.14,136.902,audio_features,spotify:track:2uvBprdlMpzeN5Bq0PzMBI,https://api.spotify.com/v1/tracks/2uvBprdlMpzeN5Bq0PzMBI,https://api.spotify.com/v1/audio-analysis/2uvBprdlMpzeN5Bq0PzMBI,260111,4
fuerza regida & marshmello,harley quinn,5HvlmZ04wcNgq664j9KjnV,0.793,0.761,5,-5.482,0,0.11,0.067,0.0045,0.26,0.635,125.045,audio_features,spotify:track:5HvlmZ04wcNgq664j9KjnV,https://api.spotify.com/v1/tracks/5HvlmZ04wcNgq664j9KjnV,https://api.spotify.com/v1/audio-analysis/5HvlmZ04wcNgq664j9KjnV,143327,4
parker mccollum,burn it down,4bARASJEokNacSYtEhoNBp,0.484,0.753,2,-5.23,1,0.0503,0.11,5.95e-06,0.193,0.281,80.995,audio_features,spotify:track:4bARASJEokNacSYtEhoNBp,https://api.spotify.com/v1/tracks/4bARASJEokNacSYtEhoNBp,https://api.spotify.com/v1/audio-analysis/4bARASJEokNacSYtEhoNBp,216673,4
peso pluma & anitta,bellakeo,05WVKTdZhlIMX4qqMLuo0f,0.72,0.88,9,-2.834,1,0.101,0.0562,0.06,0.153,0.463,180.011,audio_features,spotify:track:05WVKTdZhlIMX4qqMLuo0f,https://api.spotify.com/v1/tracks/05WVKTdZhlIMX4qqMLuo0f,https://api.spotify.com/v1/audio-analysis/05WVKTdZhlIMX4qqMLuo0f,197333,4
xavi,la victima,5XVdHRf4CAJ2Jm0uMIy5qY,0.778,0.835,11,-3.598,0,0.0767,0.152,0.0,0.109,0.666,140.082,audio_features,spotify:track:5XVdHRf4CAJ2Jm0uMIy5qY,https://api.spotify.com/v1/tracks/5XVdHRf4CAJ2Jm0uMIy5qY,https://api.spotify.com/v1/audio-analysis/5XVdHRf4CAJ2Jm0uMIy5qY,156346,4
sabrina carpenter,feather,2Zo1PcszsT9WQ0ANntJbID,0.787,0.686,6,-4.37,0,0.0339,0.0893,0.0,0.0927,0.836,123.51,audio_features,spotify:track:2Zo1PcszsT9WQ0ANntJbID,https://api.spotify.com/v1/tracks/2Zo1PcszsT9WQ0ANntJbID,https://api.spotify.com/v1/audio-analysis/2Zo1PcszsT9WQ0ANntJbID,185553,4
lil tecca,500lbs,6rjuKpPydT2SxN15TZpV7r,0.722,0.785,7,-5.451,0,0.0763,0.0942,0.0,0.119,0.529,122.986,audio_features,spotify:track:6rjuKpPydT2SxN15TZpV7r,https://api.spotify.com/v1/tracks/6rjuKpPydT2SxN15TZpV7r,https://api.spotify.com/v1/audio-analysis/6rjuKpPydT2SxN15TZpV7r,144390,4
karol g & peso pluma,qlona,5RqSsdzTNPX1uzkmlHCFvK,0.841,0.738,7,-7.455,0,0.307,0.52,0.0,0.0892,0.484,169.918,audio_features,spotify:track:5RqSsdzTNPX1uzkmlHCFvK,https://api.spotify.com/v1/tracks/5RqSsdzTNPX1uzkmlHCFvK,https://api.spotify.com/v1/audio-analysis/5RqSsdzTNPX1uzkmlHCFvK,172798,4
kane brown,i can feel it,2eGvz6O6tVnh9nKiitDEhZ,0.529,0.866,3,-5.816,0,0.0452,0.00281,0.00526,0.0287,0.55,116.004,audio_features,spotify:track:2eGvz6O6tVnh9nKiitDEhZ,https://api.spotify.com/v1/tracks/2eGvz6O6tVnh9nKiitDEhZ,https://api.spotify.com/v1/audio-analysis/2eGvz6O6tVnh9nKiitDEhZ,163600,4
zach bryan featuring the war and treaty,hey driver,2Dct3GykKZ58hpWRFfe2Qd,0.68,0.246,4,-14.112,1,0.058,0.783,0.0,0.106,0.388,110.23,audio_features,spotify:track:2Dct3GykKZ58hpWRFfe2Qd,https://api.spotify.com/v1/tracks/2Dct3GykKZ58hpWRFfe2Qd,https://api.spotify.com/v1/audio-analysis/2Dct3GykKZ58hpWRFfe2Qd,171693,4
taylor swift,you're losing me (from the vault),3CWq0pAKKTWb0K4yiglDc4,0.747,0.391,0,-13.767,1,0.052,0.529,0.003,0.111,0.195,102.984,audio_features,spotify:track:3CWq0pAKKTWb0K4yiglDc4,https://api.spotify.com/v1/tracks/3CWq0pAKKTWb0K4yiglDc4,https://api.spotify.com/v1/audio-analysis/3CWq0pAKKTWb0K4yiglDc4,277832,4
george birge,mind on you,1eoapzLQuYBDRDaHQuxXc4,0.605,0.836,1,-4.94,1,0.0272,0.11,0.0,0.17,0.587,130.089,audio_features,spotify:track:1eoapzLQuYBDRDaHQuxXc4,https://api.spotify.com/v1/tracks/1eoapzLQuYBDRDaHQuxXc4,https://api.spotify.com/v1/audio-analysis/1eoapzLQuYBDRDaHQuxXc4,201923,4
olivia rodrigo,can't catch me now,56xHMIfQPoe0prrSi3BGhf,0.521,0.366,11,-7.698,0,0.034,0.838,4.11e-06,0.12,0.225,141.965,audio_features,spotify:track:56xHMIfQPoe0prrSi3BGhf,https://api.spotify.com/v1/tracks/56xHMIfQPoe0prrSi3BGhf,https://api.spotify.com/v1/audio-analysis/56xHMIfQPoe0prrSi3BGhf,205484,4
riley green featuring luke combs,different 'round here,4l5w5qGInIhwfvpYmPIYdK,0.457,0.725,1,-5.979,1,0.0318,8.66e-05,0.000126,0.13,0.318,141.936,audio_features,spotify:track:4l5w5qGInIhwfvpYmPIYdK,https://api.spotify.com/v1/tracks/4l5w5qGInIhwfvpYmPIYdK,https://api.spotify.com/v1/audio-analysis/4l5w5qGInIhwfvpYmPIYdK,174992,4
maluma & carin leon,segun quien,6fNCrsrdIcgVd2aZZ0nnz4,0.909,0.762,9,-3.974,1,0.0643,0.434,0.0,0.0856,0.843,101.987,audio_features,spotify:track:6fNCrsrdIcgVd2aZZ0nnz4,https://api.spotify.com/v1/tracks/6fNCrsrdIcgVd2aZZ0nnz4,https://api.spotify.com/v1/audio-analysis/6fNCrsrdIcgVd2aZZ0nnz4,142335,3
morgan wallen featuring eric church,man made a bar,73zawW1ttszLRgT9By826D,0.498,0.764,4,-5.006,1,0.0309,0.123,3.07e-05,0.119,0.489,147.984,audio_features,spotify:track:73zawW1ttszLRgT9By826D,https://api.spotify.com/v1/tracks/73zawW1ttszLRgT9By826D,https://api.spotify.com/v1/audio-analysis/73zawW1ttszLRgT9By826D,191231,4
grupo frontera & grupo firme,el amor de su vida,0O3U5iwTbiXCREMkvotJuN,0.616,0.834,9,-3.069,1,0.0664,0.06,0.0,0.338,0.746,151.701,audio_features,spotify:track:0O3U5iwTbiXCREMkvotJuN,https://api.spotify.com/v1/tracks/0O3U5iwTbiXCREMkvotJuN,https://api.spotify.com/v1/audio-analysis/0O3U5iwTbiXCREMkvotJuN,165848,4
310babii,soak city (do it),6iiCzEd1ULpq7nXbZVQ4pi,0.836,0.409,9,-14.189,1,0.188,0.258,4.92e-06,0.242,0.233,101.931,audio_features,spotify:track:6iiCzEd1ULpq7nXbZVQ4pi,https://api.spotify.com/v1/tracks/6iiCzEd1ULpq7nXbZVQ4pi,https://api.spotify.com/v1/audio-analysis/6iiCzEd1ULpq7nXbZVQ4pi,122321,4
"the weeknd, jennie & lily rose depp",one of the girls,4WfGDkm99oLJSAtELYZYEd,0.566,0.679,2,-5.527,0,0.0308,0.029,8.56e-06,0.535,0.302,99.171,audio_features,spotify:track:4WfGDkm99oLJSAtELYZYEd,https://api.spotify.com/v1/tracks/4WfGDkm99oLJSAtELYZYEd,https://api.spotify.com/v1/audio-analysis/4WfGDkm99oLJSAtELYZYEd,215953,4
jung kook,standing next to you,2KslE17cAJNHTsI2MI0jb2,0.711,0.809,2,-4.389,0,0.0955,0.0447,0.0,0.339,0.816,106.017,audio_features,spotify:track:2KslE17cAJNHTsI2MI0jb2,https://api.spotify.com/v1/tracks/2KslE17cAJNHTsI2MI0jb2,https://api.spotify.com/v1/audio-analysis/2KslE17cAJNHTsI2MI0jb2,206020,4
chayce beckham,23,1uPlAdnaXBhCH8Yoj64zXh,0.553,0.723,0,-5.858,0,0.0303,0.0248,1.05e-06,0.252,0.616,88.007,audio_features,spotify:track:1uPlAdnaXBhCH8Yoj64zXh,https://api.spotify.com/v1/tracks/1uPlAdnaXBhCH8Yoj64zXh,https://api.spotify.com/v1/audio-analysis/1uPlAdnaXBhCH8Yoj64zXh,186907,4
bad bunny & feid,perro negro,7iQXYTyuG13aoeHxGG28Nh,0.911,0.778,5,-2.248,1,0.262,0.0887,2.16e-05,0.179,0.345,96.057,audio_features,spotify:track:7iQXYTyuG13aoeHxGG28Nh,https://api.spotify.com/v1/tracks/7iQXYTyuG13aoeHxGG28Nh,https://api.spotify.com/v1/audio-analysis/7iQXYTyuG13aoeHxGG28Nh,162768,4
carly pearce featuring chris stapleton,we don't fight anymore,2dPwBKr5uJeCeyd5IoWi8W,0.619,0.564,4,-6.517,1,0.0302,0.673,0.0,0.184,0.419,129.944,audio_features,spotify:track:2dPwBKr5uJeCeyd5IoWi8W,https://api.spotify.com/v1/tracks/2dPwBKr5uJeCeyd5IoWi8W,https://api.spotify.com/v1/audio-analysis/2dPwBKr5uJeCeyd5IoWi8W,220146,4
calle 24 x chino pacas x fuerza regida,que onda,6uIIdjYTxxpWOyWuVXrKQO,0.808,0.944,10,-4.863,0,0.0408,0.183,1.11e-06,0.138,0.937,124.934,audio_features,spotify:track:6uIIdjYTxxpWOyWuVXrKQO,https://api.spotify.com/v1/tracks/6uIIdjYTxxpWOyWuVXrKQO,https://api.spotify.com/v1/audio-analysis/6uIIdjYTxxpWOyWuVXrKQO,191467,3
zach bryan,oklahoma smokeshow,0OWhKvvsHptt6vnnNUSM9a,0.544,0.573,8,-5.694,1,0.0356,0.0958,0.0,0.104,0.233,122.977,audio_features,spotify:track:0OWhKvvsHptt6vnnNUSM9a,https://api.spotify.com/v1/tracks/0OWhKvvsHptt6vnnNUSM9a,https://api.spotify.com/v1/audio-analysis/0OWhKvvsHptt6vnnNUSM9a,211739,4
the red clay strays,wondering why,1OG7o5af3ILKrFkp7pvvb0,0.524,0.209,4,-12.437,1,0.0405,0.85,0.0,0.173,0.347,148.59,audio_features,spotify:track:1OG7o5af3ILKrFkp7pvvb0,https://api.spotify.com/v1/tracks/1OG7o5af3ILKrFkp7pvvb0,https://api.spotify.com/v1/audio-analysis/1OG7o5af3ILKrFkp7pvvb0,232918,3
bigxthaplug,mmhmm,1nQaTUDJ7Rc4yOvZmg9Ozr,0.93,0.682,9,-8.799,1,0.331,0.028,0.0,0.129,0.962,126.003,audio_features,spotify:track:1nQaTUDJ7Rc4yOvZmg9Ozr,https://api.spotify.com/v1/tracks/1nQaTUDJ7Rc4yOvZmg9Ozr,https://api.spotify.com/v1/audio-analysis/1nQaTUDJ7Rc4yOvZmg9Ozr,119016,4
rod wave,great gatsby,4M68xjcc42oxyphhzpOWXS,0.67,0.555,1,-9.12,0,0.0908,0.0382,6.36e-06,0.414,0.16,156.937,audio_features,spotify:track:4M68xjcc42oxyphhzpOWXS,https://api.spotify.com/v1/tracks/4M68xjcc42oxyphhzpOWXS,https://api.spotify.com/v1/audio-analysis/4M68xjcc42oxyphhzpOWXS,146808,4
travis scott featuring playboi carti,fe!n,42VsgItocQwOQC3XWZ8JNA,0.569,0.882,3,-2.777,0,0.06,0.0316,0.0,0.142,0.201,148.038,audio_features,spotify:track:42VsgItocQwOQC3XWZ8JNA,https://api.spotify.com/v1/tracks/42VsgItocQwOQC3XWZ8JNA,https://api.spotify.com/v1/audio-analysis/42VsgItocQwOQC3XWZ8JNA,191701,4
olivia rodrigo,bad idea right?,3IX0yuEVvDbnqUwMBB3ouC,0.627,0.879,9,-3.446,1,0.0955,0.00193,6.87e-06,0.0647,0.748,129.979,audio_features,spotify:track:3IX0yuEVvDbnqUwMBB3ouC,https://api.spotify.com/v1/tracks/3IX0yuEVvDbnqUwMBB3ouC,https://api.spotify.com/v1/audio-analysis/3IX0yuEVvDbnqUwMBB3ouC,184784,4
"peso pluma, junior h & oscar maydon",rompe la dompe,2OWv3lRR8PtOVuHWzQNRs2,0.757,0.642,2,-7.966,0,0.0369,0.607,0.0355,0.169,0.759,130.098,audio_features,spotify:track:2OWv3lRR8PtOVuHWzQNRs2,https://api.spotify.com/v1/tracks/2OWv3lRR8PtOVuHWzQNRs2,https://api.spotify.com/v1/audio-analysis/2OWv3lRR8PtOVuHWzQNRs2,165635,3
dylan scott,can't have mine,3jfywRZH6cB2iLyKqo4EZd,0.663,0.502,5,-7.07,1,0.0285,0.791,0.0,0.105,0.371,143.969,audio_features,spotify:track:3jfywRZH6cB2iLyKqo4EZd,https://api.spotify.com/v1/tracks/3jfywRZH6cB2iLyKqo4EZd,https://api.spotify.com/v1/audio-analysis/3jfywRZH6cB2iLyKqo4EZd,183087,4
nicki minaj featuring drake,needle,0I89140kBBWb1e1JeA06sb,0.803,0.589,7,-7.366,1,0.117,0.298,0.000857,0.137,0.34,109.993,audio_features,spotify:track:0I89140kBBWb1e1JeA06sb,https://api.spotify.com/v1/tracks/0I89140kBBWb1e1JeA06sb,https://api.spotify.com/v1/audio-analysis/0I89140kBBWb1e1JeA06sb,235689,4
drake,virginia beach,3eP13S8D5m2cweMEg3ZDed,0.402,0.514,1,-7.322,0,0.0471,0.106,0.0,0.181,0.2,120.009,audio_features,spotify:track:3eP13S8D5m2cweMEg3ZDed,https://api.spotify.com/v1/tracks/3eP13S8D5m2cweMEg3ZDed,https://api.spotify.com/v1/audio-analysis/3eP13S8D5m2cweMEg3ZDed,251095,4
oliver anthony music,rich men north of richmond,78Du4CMFgnhdlG33gblkiP,0.678,0.264,10,-12.384,1,0.0622,0.753,0.0,0.302,0.528,121.722,audio_features,spotify:track:78Du4CMFgnhdlG33gblkiP,https://api.spotify.com/v1/tracks/78Du4CMFgnhdlG33gblkiP,https://api.spotify.com/v1/audio-analysis/78Du4CMFgnhdlG33gblkiP,187244,4
noah kahan with hozier,northern attitude,4oEf84vBYVftf6KmZexhVo,0.486,0.64,3,-8.027,1,0.0551,0.136,7.58e-05,0.105,0.289,122.017,audio_features,spotify:track:4oEf84vBYVftf6KmZexhVo,https://api.spotify.com/v1/tracks/4oEf84vBYVftf6KmZexhVo,https://api.spotify.com/v1/audio-analysis/4oEf84vBYVftf6KmZexhVo,267256,4
taylor swift,now that we don't talk (taylor's version) [from the vault],5QUIK7ZtziW8kGWo8RqopF,0.8,0.501,0,-9.332,1,0.034,0.16,7.14e-05,0.0874,0.0831,110.013,audio_features,spotify:track:5QUIK7ZtziW8kGWo8RqopF,https://api.spotify.com/v1/tracks/5QUIK7ZtziW8kGWo8RqopF,https://api.spotify.com/v1/audio-analysis/5QUIK7ZtziW8kGWo8RqopF,146437,4
"juice wrld, eminem & benny blanco",lace it,78yRECb7VhAVVC5iXFSJa0,0.661,0.606,10,-10.317,0,0.0479,0.0432,0.759,0.138,0.181,144.054,audio_features,spotify:track:78yRECb7VhAVVC5iXFSJa0,https://api.spotify.com/v1/tracks/78yRECb7VhAVVC5iXFSJa0,https://api.spotify.com/v1/audio-analysis/78yRECb7VhAVVC5iXFSJa0,73333,4
karol g,mi ex tenia razon,54zcJnb3tp9c5OVKREZ1Is,0.634,0.725,5,-4.945,0,0.0587,0.0776,0.0,0.211,0.795,159.845,audio_features,spotify:track:54zcJnb3tp9c5OVKREZ1Is,https://api.spotify.com/v1/tracks/54zcJnb3tp9c5OVKREZ1Is,https://api.spotify.com/v1/audio-analysis/54zcJnb3tp9c5OVKREZ1Is,154375,4
drake featuring sza,slime you out,0AYt6NMyyLd0rLuvr0UkMH,0.483,0.408,5,-9.243,0,0.0502,0.508,0.0,0.259,0.105,88.88,audio_features,spotify:track:0AYt6NMyyLd0rLuvr0UkMH,https://api.spotify.com/v1/tracks/0AYt6NMyyLd0rLuvr0UkMH,https://api.spotify.com/v1/audio-analysis/0AYt6NMyyLd0rLuvr0UkMH,310491,3
*nsync,better place,1bHnRc60O1N0l3PbHjaKyK,0.579,0.556,4,-6.277,0,0.0511,0.0214,0.0,0.0904,0.558,116.943,audio_features,spotify:track:1bHnRc60O1N0l3PbHjaKyK,https://api.spotify.com/v1/tracks/1bHnRc60O1N0l3PbHjaKyK,https://api.spotify.com/v1/audio-analysis/1bHnRc60O1N0l3PbHjaKyK,216667,4
zach bryan,"burn, burn, burn",5jfhLCSIFUO4ndzNRh4w4G,0.508,0.296,3,-10.513,1,0.0755,0.897,5e-05,0.11,0.134,82.532,audio_features,spotify:track:5jfhLCSIFUO4ndzNRh4w4G,https://api.spotify.com/v1/tracks/5jfhLCSIFUO4ndzNRh4w4G,https://api.spotify.com/v1/audio-analysis/5jfhLCSIFUO4ndzNRh4w4G,268856,4
travis scott,my eyes,4kjI1gwQZRKNDkw1nI475M,0.455,0.621,0,-7.694,0,0.0517,0.651,2.59e-06,0.123,0.28,119.043,audio_features,spotify:track:4kjI1gwQZRKNDkw1nI475M,https://api.spotify.com/v1/tracks/4kjI1gwQZRKNDkw1nI475M,https://api.spotify.com/v1/audio-analysis/4kjI1gwQZRKNDkw1nI475M,251250,4
rod wave featuring 21 savage,turks & caicos,2t8yVaLvJ0RenpXUIAC52d,0.837,0.636,1,-7.643,1,0.086,0.0395,0.00125,0.342,0.274,145.972,audio_features,spotify:track:2t8yVaLvJ0RenpXUIAC52d,https://api.spotify.com/v1/tracks/2t8yVaLvJ0RenpXUIAC52d,https://api.spotify.com/v1/audio-analysis/2t8yVaLvJ0RenpXUIAC52d,288624,4
zach bryan,tourniquet,3EvZ03hGAFwGZ2Ebcu86YH,0.593,0.397,6,-8.309,1,0.0329,0.684,7.44e-06,0.0982,0.32,76.703,audio_features,spotify:track:3EvZ03hGAFwGZ2Ebcu86YH,https://api.spotify.com/v1/tracks/3EvZ03hGAFwGZ2Ebcu86YH,https://api.spotify.com/v1/audio-analysis/3EvZ03hGAFwGZ2Ebcu86YH,189053,4
junior h,y lloro,68cUJFq7aAbgeurngTmngL,0.548,0.591,7,-7.888,1,0.0592,0.399,8.21e-06,0.174,0.383,83.411,audio_features,spotify:track:68cUJFq7aAbgeurngTmngL,https://api.spotify.com/v1/tracks/68cUJFq7aAbgeurngTmngL,https://api.spotify.com/v1/audio-analysis/68cUJFq7aAbgeurngTmngL,208899,3
sophie ellis-bextor,murder on the dancefloor,4tKGFmENO69tZR9ahgZu48,0.73,0.849,1,-5.281,0,0.0299,0.00234,2.6e-05,0.312,0.887,117.31,audio_features,spotify:track:4tKGFmENO69tZR9ahgZu48,https://api.spotify.com/v1/tracks/4tKGFmENO69tZR9ahgZu48,https://api.spotify.com/v1/audio-analysis/4tKGFmENO69tZR9ahgZu48,230013,4
karol g,amargura,505v13epFXodT9fVAJ6h8k,0.92,0.696,6,-3.356,0,0.0742,0.183,0.0,0.149,0.545,106.966,audio_features,spotify:track:505v13epFXodT9fVAJ6h8k,https://api.spotify.com/v1/tracks/505v13epFXodT9fVAJ6h8k,https://api.spotify.com/v1/audio-analysis/505v13epFXodT9fVAJ6h8k,170480,4
lainey wilson,wildflowers and wild horses,6d3QUBsiAw3aZI6F2mMhzk,0.442,0.644,10,-5.787,0,0.0378,0.347,1.73e-06,0.128,0.34,117.379,audio_features,spotify:track:6d3QUBsiAw3aZI6F2mMhzk,https://api.spotify.com/v1/tracks/6d3QUBsiAw3aZI6F2mMhzk,https://api.spotify.com/v1/audio-analysis/6d3QUBsiAw3aZI6F2mMhzk,216573,4
